<application>
  <component name="UISettings">
    <option name="ALLOW_MERGE_BUTTONS" value="false" />
    <option name="ANIMATE_WINDOWS" value="false" />
    <option name="FONT_SCALE" value="1.0" />
    <option name="FONT_SIZE" value="18" />
    <option name="OVERRIDE_NONIDEA_LAF_FONTS" value="true" />
    <option name="PRESENTATION_MODE_FONT_SIZE" value="26" />
    <option name="SHOW_ICONS_IN_MENUS" value="false" />
    <option name="SHOW_MAIN_TOOLBAR" value="true" />
    <option name="SHOW_TOOL_WINDOW_NUMBERS" value="false" />
  </component>
</application>